Sekolah	Nomor Sekolah	Tahun	Jalur	Lolos	ITB	UNPAD	POLBAN	UPI	UIN SGD	ITS	IPB	ISBI Bandung	ISI Surakarta	UNSOED	UI	UGM	UNDIP	POLMAN	POLIMARIN	UNNES	UNAIR	UBB	UNAND	UPNVJ	UPNVYK	UPNVJT	UB	UNILA	POLSUB	ISI Yogyakarta	ULM	UNUD	Universitas Tarumanegara	PEM Akamigas	Poltekkes Bandung	POLIBATAM	UNHAS	UNTIRTA	UNPATTI	UIN MALIKI	UNDIKSHA	UM	UNSIKA	UNESA	Sum Lolos	Sumber	Catatan
SMAN 1 Bandung	1	2026	SNBP	48	6	14	15	5	1		5					1		1																											48	https://www.instagram.com/p/DWmJUFSiZEH/	
SMAN 1 Bandung	1	2025	SNBP	62	15	14	10	5	1		17																			1															63	https://smile.sman1bdg.sch.id/sidikti/hasil-pendataan/	Total per sekolah (27 SMAN), belum per-ITB
SMAN 1 Bandung	1	2024	SNBP	57	12	20	6	4			12			1				1												1															57	https://smile.sman1bdg.sch.id/sidikti/hasil-pendataan/	
SMAN 2 Bandung	2	2026	SNBP	31	13	9	3	5			1																																		31	https://www.instagram.com/p/DWls9fbk9az/	
SMAN 2 Bandung	2	2025	SNBP	50	21	19		5			2										1											1												1	50	https://www.instagram.com/p/DKZQOD_yv56/?img_index=1	
SMAN 2 Bandung	2	2024	SNBP	52	28	7	6	5			4	2																																	52		Each per student?
SMAN 3 Bandung	3	2026	SNBP	36	24	8		1			3																																		36	https://www.instagram.com/p/DWyWkHhEiFk/?hl=id	
SMAN 3 Bandung	3	2025	SNBP	54	35	8		1			5											1																							50	https://www.instagram.com/p/DH0r-q9pUGs/?hl=id&img_index=3	Each per student?
SMAN 3 Bandung	3	2024	SNBP	69	49	11	1	1		1	3				1								1	1																					69	https://www.instagram.com/p/C5SBL_5JPql/?hl=id&img_index=1	Tertinggi se-Bandung untuk ITB 2024
SMAN 4 Bandung	4	2026	SNBP	34	3	15	2	6	3		2	1						1														1													34	https://www.instagram.com/p/DWl1jjfAcKr/	
SMAN 4 Bandung	4	2025	SNBP	51	7	30	6	5			2							1																											51	https://www.instagram.com/p/DHXbkfyyk2g/?img_index=2	
SMAN 4 Bandung	4	2024	SNBP	53	9	10	31	1			1							1																											53	https://www.instagram.com/p/C6c2XKVS_d5/	Each per student
SMAN 5 Bandung	5	2026	SNBP	35	12	11	4	5			1					1															1														35	https://www.instagram.com/p/DWnuqBikU1E/	
SMAN 5 Bandung	5	2025	SNBP	50	20	13	4	3			7				1																														48	https://www.instagram.com/p/DJPN6P-T5TS/	Each per student?
SMAN 5 Bandung	5	2024	SNBP	55	27	15	1	5			6							1																											55	https://www.instagram.com/p/DJPN6P-T5TS/	Each per student?
SMAN 8 Bandung	8	2026	SNBP	33																																									0		Data tidak tersedia di IG
SMAN 8 Bandung	8	2025	SNBP	40																																									0		Data tidak tersedia di IG
SMAN 8 Bandung	8	2024	SNBP	60	34	8	8	5		1	1					1	1			1																									60	https://www.instagram.com/p/C5P5TKEBHz-/?img_index=1	
SMAN 11 Bandung	11	2026	SNBP	37	5	18	6	5	1		1	1																																	37	https://www.instagram.com/p/DWk6dXqkYnM/?hl=id	
SMAN 11 Bandung	11	2025	SNBP	40	8	19	4	5			1				1		1																			1									40	https://www.instagram.com/p/DHYlQG2B_IW/?hl=id	
SMAN 11 Bandung	11	2024	SNBP	45	9	19	6	5			2	1			1			1												1															45	https://www.instagram.com/p/C5Ivf0xSCfl/?hl=id	
SMAN 12 Bandung	12	2026	SNBP	61	4	29	16	5	2		2			2		1																													61	https://www.instagram.com/p/DWjELDhAXSc/?hl=en	
SMAN 12 Bandung	12	2025	SNBP	56	6	19	14	4	3		1			1		1		1							1						1														52	https://www.instagram.com/p/DHkpT0Axc19/	Tidak ada overview poster instagram, diambil satu satu dari masing-masing post per siswa
SMAN 12 Bandung	12	2024	SNBP	51	9	21	11	6	1		1	1													1																				51	https://www.koreksinews.co.id/berita/51-siswa-sman-12-bandung-lolos-snbp/	
SMAN 19 Bandung	19	2026	SNBP	34		11	5	6	1		3			1				3									1		1													1	1		34	https://www.instagram.com/p/DWnjHvUkuFA/?img_index=1	
SMAN 19 Bandung	19	2025	SNBP	36	4	10		5	1		6		1					6	2										1																36	https://www.instagram.com/p/DHcedt2JOiA/?img_index=2	
SMAN 19 Bandung	19	2024	SNBP	21	2	3	2	2	1		5	1						3	1										1																21	https://www.instagram.com/p/C5GJCHfho7W/	
SMAN 20 Bandung	20	2026	SNBP	38	6	19	6	5	2																																				38	https://www.instagram.com/p/DWlLu06El2O/	
SMAN 20 Bandung	20	2025	SNBP																																										0		Sudah di cek, tidak ada data 2025 di Instagram
SMAN 20 Bandung	20	2024	SNBP	44	6	24	2	6			1	1																							3		1								44	https://www.instagram.com/p/C5HxDwtJbFu/	
SMAN 22 Bandung	22	2026	SNBP	53	4	33	4	5	5		2																																		53	https://www.instagram.com/p/DWnQJguEeUd/?img_index=1	
SMAN 22 Bandung	22	2025	SNBP	37	4	24	2	5			2																																		37	https://www.instagram.com/p/DHtGMbKTqQF/?img_index=1	
SMAN 22 Bandung	22	2024	SNBP	43	7	23	5	5			2			1																															43	https://www.instagram.com/p/C7Lf7rsyite/?img_index=1	
SMAN 24 Bandung	24	2026	SNBP	39	7	17	4	5	1	1	2					1																		1											39	https://www.instagram.com/p/DWnhRpngZY-/	
SMAN 24 Bandung	24	2025	SNBP	66	11	40	6	5		1	1							1												1															66	https://www.instagram.com/p/DNkjBmUzQqI/	Total tertinggi 2025
SMAN 24 Bandung	24	2024	SNBP	44	10	12	15	5				1						1																											44	https://www.instagram.com/p/C6Bzf5iRpxw/	
SMA Taruna Bakti		2026	SNBP	21	16	5																																							21	https://www.instagram.com/p/DWm3EQJEw_D/	
SMA Alfa Centauri		2026	SNBP	27	14	9	1	1			1					1																													27	https://www.instagram.com/p/DWlODvxFDBW/?img_index=1	
SMA Pasundan 1 Bandung		2026	SNBP	30		14	6	5		1					2						1			1																					30	https://www.instagram.com/p/DWok3XkiSUZ/?img_index=1	
SMA Intelegensia		2026	SNBP																																										0		Tidak ada data di IG
SMA Taruna Bakti		2025	SNBP	41	31	9				1																																			41	https://www.instagram.com/p/DHW-4G6TbvU/	
SMA Alfa Centauri		2025	SNBP	26	16	5		2			1	1				1																													26	https://www.instagram.com/p/DHbV_AkPqC-/	
SMA Pasundan 1 Bandung		2025	SNBP	32		24	1	5	1						1																														32	https://www.instagram.com/p/DHZWWUkTJNu/?img_index=1	
SMA Intelegensia		2025	SNBP																																										0		Tidak ada data di IG
SMA Alfa Centauri		2024	SNBP	35	13	17	1	2								1											1																		35	https://www.instagram.com/p/C4-TCW3PL5f/	
SMA Pasundan 1 Bandung		2024	SNBP			15	1	5							1										1																				23	https://www.instagram.com/p/C5ASvSMSyny/?img_index=4	
SMA Intelegensia		2024	SNBP																																										0		Tidak ada data di IG
SMA Taruna Bakti		2024	SNBP																																												Tidak ada data, sudah di cek
